[{"model": "contenttypes.contenttype", "pk": 1, "fields": {"app_label": "admin", "model": "logentry"}}, {"model": "contenttypes.contenttype", "pk": 2, "fields": {"app_label": "auth", "model": "permission"}}, {"model": "contenttypes.contenttype", "pk": 3, "fields": {"app_label": "auth", "model": "group"}}, {"model": "contenttypes.contenttype", "pk": 4, "fields": {"app_label": "contenttypes", "model": "contenttype"}}, {"model": "contenttypes.contenttype", "pk": 5, "fields": {"app_label": "sessions", "model": "session"}}, {"model": "contenttypes.contenttype", "pk": 6, "fields": {"app_label": "users", "model": "user"}}, {"model": "contenttypes.contenttype", "pk": 7, "fields": {"app_label": "users", "model": "friendrelationship"}}, {"model": "contenttypes.contenttype", "pk": 8, "fields": {"app_label": "posts", "model": "like"}}, {"model": "contenttypes.contenttype", "pk": 9, "fields": {"app_label": "posts", "model": "post"}}, {"model": "sessions.session", "pk": "1cgyf9dfxboxn9vm9xdg2lasr62tt4ug", "fields": {"session_data": "M2ViN2NlYmQ1MDRmMmEzMTYzMDZhM2U1ZmQ3MDA1MTkyNDQ3NmIyMjp7Il9hdXRoX3VzZXJfaWQiOiIyIiwiX2F1dGhfdXNlcl9iYWNrZW5kIjoiZGphbmdvLmNvbnRyaWIuYXV0aC5iYWNrZW5kcy5Nb2RlbEJhY2tlbmQiLCJfYXV0aF91c2VyX2hhc2giOiJlNmRmMjg0NmNiYjc2Njk2YWZkY2E0ZjFhOGMzMzQzZjc2NGZmNzQyIn0=", "expire_date": "2018-10-17T13:06:16.652Z"}}, {"model": "sessions.session", "pk": "9yb5vd03fjic6q08b0akul72jkfjygaz", "fields": {"session_data": "M2ViN2NlYmQ1MDRmMmEzMTYzMDZhM2U1ZmQ3MDA1MTkyNDQ3NmIyMjp7Il9hdXRoX3VzZXJfaWQiOiIyIiwiX2F1dGhfdXNlcl9iYWNrZW5kIjoiZGphbmdvLmNvbnRyaWIuYXV0aC5iYWNrZW5kcy5Nb2RlbEJhY2tlbmQiLCJfYXV0aF91c2VyX2hhc2giOiJlNmRmMjg0NmNiYjc2Njk2YWZkY2E0ZjFhOGMzMzQzZjc2NGZmNzQyIn0=", "expire_date": "2018-10-17T17:12:49.881Z"}}, {"model": "sessions.session", "pk": "ih30ivbch3pcesrgmj1kjba156mifrna", "fields": {"session_data": "ZmFiYzAyZGYxMjExMTljZWY3YTFkNjkxNDc1ZDE3MzNmYTE1ZmY4Mjp7Il9hdXRoX3VzZXJfaWQiOiIxIiwiX2F1dGhfdXNlcl9iYWNrZW5kIjoiZGphbmdvLmNvbnRyaWIuYXV0aC5iYWNrZW5kcy5Nb2RlbEJhY2tlbmQiLCJfYXV0aF91c2VyX2hhc2giOiJiNDZiYzk1NDQxM2U0NmMzN2E3NzA3OGQ1N2RjMzY2NGFmYzgyMjlkIn0=", "expire_date": "2018-10-17T08:56:58.189Z"}}, {"model": "sessions.session", "pk": "zr56fzv2sezew1esa2cpanlj6rj82t2d", "fields": {"session_data": "ZmFiYzAyZGYxMjExMTljZWY3YTFkNjkxNDc1ZDE3MzNmYTE1ZmY4Mjp7Il9hdXRoX3VzZXJfaWQiOiIxIiwiX2F1dGhfdXNlcl9iYWNrZW5kIjoiZGphbmdvLmNvbnRyaWIuYXV0aC5iYWNrZW5kcy5Nb2RlbEJhY2tlbmQiLCJfYXV0aF91c2VyX2hhc2giOiJiNDZiYzk1NDQxM2U0NmMzN2E3NzA3OGQ1N2RjMzY2NGFmYzgyMjlkIn0=", "expire_date": "2018-10-17T09:19:46.492Z"}}, {"model": "auth.permission", "pk": 1, "fields": {"name": "Can add log entry", "content_type": 1, "codename": "add_logentry"}}, {"model": "auth.permission", "pk": 2, "fields": {"name": "Can change log entry", "content_type": 1, "codename": "change_logentry"}}, {"model": "auth.permission", "pk": 3, "fields": {"name": "Can delete log entry", "content_type": 1, "codename": "delete_logentry"}}, {"model": "auth.permission", "pk": 4, "fields": {"name": "Can view log entry", "content_type": 1, "codename": "view_logentry"}}, {"model": "auth.permission", "pk": 5, "fields": {"name": "Can add permission", "content_type": 2, "codename": "add_permission"}}, {"model": "auth.permission", "pk": 6, "fields": {"name": "Can change permission", "content_type": 2, "codename": "change_permission"}}, {"model": "auth.permission", "pk": 7, "fields": {"name": "Can delete permission", "content_type": 2, "codename": "delete_permission"}}, {"model": "auth.permission", "pk": 8, "fields": {"name": "Can view permission", "content_type": 2, "codename": "view_permission"}}, {"model": "auth.permission", "pk": 9, "fields": {"name": "Can add group", "content_type": 3, "codename": "add_group"}}, {"model": "auth.permission", "pk": 10, "fields": {"name": "Can change group", "content_type": 3, "codename": "change_group"}}, {"model": "auth.permission", "pk": 11, "fields": {"name": "Can delete group", "content_type": 3, "codename": "delete_group"}}, {"model": "auth.permission", "pk": 12, "fields": {"name": "Can view group", "content_type": 3, "codename": "view_group"}}, {"model": "auth.permission", "pk": 13, "fields": {"name": "Can add content type", "content_type": 4, "codename": "add_contenttype"}}, {"model": "auth.permission", "pk": 14, "fields": {"name": "Can change content type", "content_type": 4, "codename": "change_contenttype"}}, {"model": "auth.permission", "pk": 15, "fields": {"name": "Can delete content type", "content_type": 4, "codename": "delete_contenttype"}}, {"model": "auth.permission", "pk": 16, "fields": {"name": "Can view content type", "content_type": 4, "codename": "view_contenttype"}}, {"model": "auth.permission", "pk": 17, "fields": {"name": "Can add session", "content_type": 5, "codename": "add_session"}}, {"model": "auth.permission", "pk": 18, "fields": {"name": "Can change session", "content_type": 5, "codename": "change_session"}}, {"model": "auth.permission", "pk": 19, "fields": {"name": "Can delete session", "content_type": 5, "codename": "delete_session"}}, {"model": "auth.permission", "pk": 20, "fields": {"name": "Can view session", "content_type": 5, "codename": "view_session"}}, {"model": "auth.permission", "pk": 21, "fields": {"name": "Can add user", "content_type": 6, "codename": "add_user"}}, {"model": "auth.permission", "pk": 22, "fields": {"name": "Can change user", "content_type": 6, "codename": "change_user"}}, {"model": "auth.permission", "pk": 23, "fields": {"name": "Can delete user", "content_type": 6, "codename": "delete_user"}}, {"model": "auth.permission", "pk": 24, "fields": {"name": "Can view user", "content_type": 6, "codename": "view_user"}}, {"model": "auth.permission", "pk": 25, "fields": {"name": "Can add friend relationship", "content_type": 7, "codename": "add_friendrelationship"}}, {"model": "auth.permission", "pk": 26, "fields": {"name": "Can change friend relationship", "content_type": 7, "codename": "change_friendrelationship"}}, {"model": "auth.permission", "pk": 27, "fields": {"name": "Can delete friend relationship", "content_type": 7, "codename": "delete_friendrelationship"}}, {"model": "auth.permission", "pk": 28, "fields": {"name": "Can view friend relationship", "content_type": 7, "codename": "view_friendrelationship"}}, {"model": "auth.permission", "pk": 29, "fields": {"name": "Can add like", "content_type": 8, "codename": "add_like"}}, {"model": "auth.permission", "pk": 30, "fields": {"name": "Can change like", "content_type": 8, "codename": "change_like"}}, {"model": "auth.permission", "pk": 31, "fields": {"name": "Can delete like", "content_type": 8, "codename": "delete_like"}}, {"model": "auth.permission", "pk": 32, "fields": {"name": "Can view like", "content_type": 8, "codename": "view_like"}}, {"model": "auth.permission", "pk": 33, "fields": {"name": "Can add post", "content_type": 9, "codename": "add_post"}}, {"model": "auth.permission", "pk": 34, "fields": {"name": "Can change post", "content_type": 9, "codename": "change_post"}}, {"model": "auth.permission", "pk": 35, "fields": {"name": "Can delete post", "content_type": 9, "codename": "delete_post"}}, {"model": "auth.permission", "pk": 36, "fields": {"name": "Can view post", "content_type": 9, "codename": "view_post"}}, {"model": "auth.group", "pk": 1, "fields": {"name": "user", "permissions": []}}, {"model": "auth.group", "pk": 2, "fields": {"name": "reviewer", "permissions": [22]}}, {"model": "auth.group", "pk": 3, "fields": {"name": "admin", "permissions": [22, 23]}}, {"model": "users.user", "pk": 1, "fields": {"password": "pbkdf2_sha256$120000$xupuy8wBSVBR$n6j/yEqH2GgfL6qDcHvfRgkIgeQnSjZC4kVXNb7Oulw=", "last_login": "2018-10-03T09:19:46Z", "is_superuser": true, "is_staff": true, "is_active": true, "date_joined": "2018-10-03T06:14:52Z", "full_name": "Mike Nielsen", "short_name": "Mike", "email": "mike@pylots.com", "groups": [], "user_permissions": []}}, {"model": "users.user", "pk": 2, "fields": {"password": "pbkdf2_sha256$120000$xJ75FKyBPGyj$5l3aXwm4R5F21pxRkA6mqdqTuNO+Ei63R1XTrmz8TX4=", "last_login": "2018-10-03T17:12:49.878Z", "is_superuser": false, "is_staff": false, "is_active": true, "date_joined": "2018-10-03T07:30:48Z", "full_name": "Mike Nielsen", "short_name": "mike", "email": "mike@sdnielsen.dk", "groups": [], "user_permissions": []}}, {"model": "users.user", "pk": 3, "fields": {"password": "pbkdf2_sha256$120000$mmkfp8meYKTF$k+3k5yiUZFFHajiMN3WD9ueSU4d20CHWkEOwvKPYueg=", "last_login": null, "is_superuser": false, "is_staff": false, "is_active": true, "date_joined": "2018-10-03T13:50:48.583Z", "full_name": "Mike Nielsen", "short_name": "Mike3DR", "email": "miken@3drealms.com", "groups": [], "user_permissions": []}}, {"model": "users.user", "pk": 4, "fields": {"password": "Test1", "last_login": null, "is_superuser": false, "is_staff": false, "is_active": true, "date_joined": "2018-10-03T17:16:35Z", "full_name": "John Smit", "short_name": "Johnny", "email": "johnny@test.com", "groups": [2], "user_permissions": []}}, {"model": "users.user", "pk": 5, "fields": {"password": "test1", "last_login": null, "is_superuser": false, "is_staff": false, "is_active": true, "date_joined": "2018-10-03T17:17:09Z", "full_name": "Bonnie Clyde", "short_name": "Bonnie", "email": "bonnie@test.com", "groups": [1], "user_permissions": []}}, {"model": "users.user", "pk": 6, "fields": {"password": "test1", "last_login": null, "is_superuser": false, "is_staff": false, "is_active": true, "date_joined": "2018-10-03T17:17:29Z", "full_name": "Claudia Jansson", "short_name": "Claudia", "email": "claudia@test.com", "groups": [1], "user_permissions": []}}, {"model": "users.user", "pk": 7, "fields": {"password": "test1", "last_login": null, "is_superuser": false, "is_staff": false, "is_active": true, "date_joined": "2018-10-03T17:19:28Z", "full_name": "Steve Works", "short_name": "Steve", "email": "steve@test.com", "groups": [2], "user_permissions": []}}, {"model": "users.user", "pk": 8, "fields": {"password": "test1", "last_login": null, "is_superuser": false, "is_staff": false, "is_active": true, "date_joined": "2018-10-03T17:19:53Z", "full_name": "Peter Johson", "short_name": "Peter J", "email": "peter@test.com", "groups": [], "user_permissions": []}}, {"model": "users.user", "pk": 9, "fields": {"password": "test1", "last_login": null, "is_superuser": false, "is_staff": false, "is_active": true, "date_joined": "2018-10-03T17:20:15Z", "full_name": "Diane Waters", "short_name": "DW", "email": "diane@test.com", "groups": [1], "user_permissions": []}}, {"model": "users.user", "pk": 10, "fields": {"password": "test1", "last_login": null, "is_superuser": false, "is_staff": false, "is_active": true, "date_joined": "2018-10-03T17:20:40Z", "full_name": "Henry Hastings", "short_name": "Hastings", "email": "henry@test.com", "groups": [1], "user_permissions": []}}, {"model": "posts.post", "pk": 1, "fields": {"author": 1, "created_at": "2018-10-03T14:36:34.120Z", "text": "Welcome to all my friends!"}}, {"model": "posts.post", "pk": 2, "fields": {"author": 1, "created_at": "2018-10-03T15:14:05.035Z", "text": "test test test"}}, {"model": "posts.post", "pk": 3, "fields": {"author": 1, "created_at": "2018-10-03T16:05:16.349Z", "text": "Test test test"}}, {"model": "posts.like", "pk": 2, "fields": {"post": 1, "user": 1}}, {"model": "posts.like", "pk": 3, "fields": {"post": 3, "user": 1}}, {"model": "posts.like", "pk": 5, "fields": {"post": 3, "user": 1}}, {"model": "posts.like", "pk": 6, "fields": {"post": 3, "user": 1}}, {"model": "posts.like", "pk": 7, "fields": {"post": 3, "user": 1}}, {"model": "posts.like", "pk": 8, "fields": {"post": 3, "user": 1}}, {"model": "posts.like", "pk": 9, "fields": {"post": 3, "user": 1}}, {"model": "posts.like", "pk": 10, "fields": {"post": 3, "user": 1}}, {"model": "posts.like", "pk": 11, "fields": {"post": 3, "user": 1}}, {"model": "posts.like", "pk": 12, "fields": {"post": 3, "user": 1}}, {"model": "posts.like", "pk": 13, "fields": {"post": 3, "user": 1}}, {"model": "posts.like", "pk": 14, "fields": {"post": 3, "user": 1}}, {"model": "posts.like", "pk": 15, "fields": {"post": 3, "user": 1}}, {"model": "posts.like", "pk": 16, "fields": {"post": 3, "user": 1}}, {"model": "posts.like", "pk": 17, "fields": {"post": 3, "user": 1}}, {"model": "posts.like", "pk": 18, "fields": {"post": 3, "user": 1}}, {"model": "posts.like", "pk": 19, "fields": {"post": 3, "user": 2}}, {"model": "posts.like", "pk": 20, "fields": {"post": 3, "user": 1}}, {"model": "posts.like", "pk": 21, "fields": {"post": 3, "user": 2}}, {"model": "posts.like", "pk": 22, "fields": {"post": 3, "user": 2}}, {"model": "posts.like", "pk": 23, "fields": {"post": 3, "user": 1}}, {"model": "posts.like", "pk": 24, "fields": {"post": 3, "user": 2}}, {"model": "posts.like", "pk": 25, "fields": {"post": 3, "user": 1}}, {"model": "posts.like", "pk": 26, "fields": {"post": 1, "user": 1}}, {"model": "posts.like", "pk": 27, "fields": {"post": 1, "user": 1}}, {"model": "posts.like", "pk": 28, "fields": {"post": 1, "user": 1}}, {"model": "posts.like", "pk": 29, "fields": {"post": 1, "user": 1}}, {"model": "posts.like", "pk": 30, "fields": {"post": 1, "user": 2}}, {"model": "posts.like", "pk": 31, "fields": {"post": 1, "user": 1}}, {"model": "posts.like", "pk": 32, "fields": {"post": 1, "user": 2}}, {"model": "users.friendrelationship", "pk": 3, "fields": {"from_user": 1, "to_user": 2, "status": "accepted"}}, {"model": "users.friendrelationship", "pk": 4, "fields": {"from_user": 2, "to_user": 1, "status": "accepted"}}, {"model": "users.friendrelationship", "pk": 5, "fields": {"from_user": 9, "to_user": 10, "status": "accepted"}}, {"model": "users.friendrelationship", "pk": 6, "fields": {"from_user": 10, "to_user": 9, "status": "accepted"}}, {"model": "users.friendrelationship", "pk": 7, "fields": {"from_user": 5, "to_user": 6, "status": "accepted"}}, {"model": "users.friendrelationship", "pk": 8, "fields": {"from_user": 6, "to_user": 5, "status": "accepted"}}, {"model": "admin.logentry", "pk": 1, "fields": {"action_time": "2018-10-03T09:30:44.749Z", "user": 1, "content_type": 3, "object_id": "1", "object_repr": "user", "action_flag": 1, "change_message": "[{\"added\": {}}]"}}, {"model": "admin.logentry", "pk": 2, "fields": {"action_time": "2018-10-03T09:30:48.539Z", "user": 1, "content_type": 3, "object_id": "2", "object_repr": "reviewer", "action_flag": 1, "change_message": "[{\"added\": {}}]"}}, {"model": "admin.logentry", "pk": 3, "fields": {"action_time": "2018-10-03T09:30:54.329Z", "user": 1, "content_type": 3, "object_id": "3", "object_repr": "admin", "action_flag": 1, "change_message": "[{\"added\": {}}]"}}, {"model": "admin.logentry", "pk": 4, "fields": {"action_time": "2018-10-03T12:42:38.888Z", "user": 1, "content_type": 3, "object_id": "3", "object_repr": "admin", "action_flag": 2, "change_message": "[{\"changed\": {\"fields\": [\"permissions\"]}}]"}}, {"model": "admin.logentry", "pk": 5, "fields": {"action_time": "2018-10-03T12:42:46.925Z", "user": 1, "content_type": 3, "object_id": "2", "object_repr": "reviewer", "action_flag": 2, "change_message": "[{\"changed\": {\"fields\": [\"permissions\"]}}]"}}, {"model": "admin.logentry", "pk": 6, "fields": {"action_time": "2018-10-03T13:02:47.082Z", "user": 1, "content_type": 6, "object_id": "1", "object_repr": "mike@pylots.com", "action_flag": 2, "change_message": "[{\"deleted\": {\"name\": \"friend relationship\", \"object\": \"mike@pylots.com -> mike@sdnielsen.dk [accepted]\"}}]"}}, {"model": "admin.logentry", "pk": 7, "fields": {"action_time": "2018-10-03T13:04:43.481Z", "user": 1, "content_type": 6, "object_id": "1", "object_repr": "mike@pylots.com", "action_flag": 2, "change_message": "[{\"deleted\": {\"name\": \"friend relationship\", \"object\": \"mike@pylots.com -> mike@sdnielsen.dk [accepted]\"}}]"}}, {"model": "admin.logentry", "pk": 8, "fields": {"action_time": "2018-10-03T13:10:01.781Z", "user": 1, "content_type": 6, "object_id": "2", "object_repr": "mike@sdnielsen.dk", "action_flag": 2, "change_message": "[{\"changed\": {\"name\": \"friend relationship\", \"object\": \"mike@sdnielsen.dk -> mike@pylots.com [accepted]\", \"fields\": [\"status\"]}}]"}}, {"model": "admin.logentry", "pk": 9, "fields": {"action_time": "2018-10-03T14:36:34.121Z", "user": 1, "content_type": 9, "object_id": "1", "object_repr": "mike@pylots.com @ 2018-10-03 14:36:34.120747+00:00", "action_flag": 1, "change_message": "[{\"added\": {}}]"}}, {"model": "admin.logentry", "pk": 10, "fields": {"action_time": "2018-10-03T14:36:44.967Z", "user": 1, "content_type": 8, "object_id": "1", "object_repr": "mike@pylots.com -> mike@pylots.com @ 2018-10-03 14:36:34.120747+00:00", "action_flag": 1, "change_message": "[{\"added\": {}}]"}}, {"model": "admin.logentry", "pk": 11, "fields": {"action_time": "2018-10-03T14:37:00.803Z", "user": 1, "content_type": 8, "object_id": "2", "object_repr": "mike@pylots.com -> mike@pylots.com @ 2018-10-03 14:36:34.120747+00:00", "action_flag": 1, "change_message": "[{\"added\": {}}]"}}, {"model": "admin.logentry", "pk": 12, "fields": {"action_time": "2018-10-03T14:37:06.981Z", "user": 1, "content_type": 8, "object_id": "1", "object_repr": "mike@pylots.com -> mike@pylots.com @ 2018-10-03 14:36:34.120747+00:00", "action_flag": 3, "change_message": ""}}, {"model": "admin.logentry", "pk": 13, "fields": {"action_time": "2018-10-03T17:17:09.556Z", "user": 1, "content_type": 6, "object_id": "4", "object_repr": "johnny@test.com", "action_flag": 1, "change_message": "[{\"added\": {}}]"}}, {"model": "admin.logentry", "pk": 14, "fields": {"action_time": "2018-10-03T17:17:29.422Z", "user": 1, "content_type": 6, "object_id": "5", "object_repr": "bonnie@test.com", "action_flag": 1, "change_message": "[{\"added\": {}}]"}}, {"model": "admin.logentry", "pk": 15, "fields": {"action_time": "2018-10-03T17:18:20.905Z", "user": 1, "content_type": 6, "object_id": "6", "object_repr": "claudia@test.com", "action_flag": 1, "change_message": "[{\"added\": {}}]"}}, {"model": "admin.logentry", "pk": 16, "fields": {"action_time": "2018-10-03T17:19:52.911Z", "user": 1, "content_type": 6, "object_id": "7", "object_repr": "steve@test.com", "action_flag": 1, "change_message": "[{\"added\": {}}]"}}, {"model": "admin.logentry", "pk": 17, "fields": {"action_time": "2018-10-03T17:20:15.535Z", "user": 1, "content_type": 6, "object_id": "8", "object_repr": "peter@test.com", "action_flag": 1, "change_message": "[{\"added\": {}}]"}}, {"model": "admin.logentry", "pk": 18, "fields": {"action_time": "2018-10-03T17:20:37.229Z", "user": 1, "content_type": 6, "object_id": "9", "object_repr": "diane@test.com", "action_flag": 1, "change_message": "[{\"added\": {}}]"}}, {"model": "admin.logentry", "pk": 19, "fields": {"action_time": "2018-10-03T17:21:02.808Z", "user": 1, "content_type": 6, "object_id": "10", "object_repr": "henry@test.com", "action_flag": 1, "change_message": "[{\"added\": {}}]"}}, {"model": "admin.logentry", "pk": 20, "fields": {"action_time": "2018-10-03T17:21:14.047Z", "user": 1, "content_type": 6, "object_id": "9", "object_repr": "diane@test.com", "action_flag": 2, "change_message": "[{\"added\": {\"name\": \"friend relationship\", \"object\": \"diane@test.com -> henry@test.com [accepted]\"}}]"}}, {"model": "admin.logentry", "pk": 21, "fields": {"action_time": "2018-10-03T17:21:22.730Z", "user": 1, "content_type": 6, "object_id": "10", "object_repr": "henry@test.com", "action_flag": 2, "change_message": "[{\"added\": {\"name\": \"friend relationship\", \"object\": \"henry@test.com -> diane@test.com [accepted]\"}}]"}}, {"model": "admin.logentry", "pk": 22, "fields": {"action_time": "2018-10-03T17:21:33.572Z", "user": 1, "content_type": 6, "object_id": "5", "object_repr": "bonnie@test.com", "action_flag": 2, "change_message": "[{\"added\": {\"name\": \"friend relationship\", \"object\": \"bonnie@test.com -> claudia@test.com [accepted]\"}}]"}}, {"model": "admin.logentry", "pk": 23, "fields": {"action_time": "2018-10-03T17:21:43.594Z", "user": 1, "content_type": 6, "object_id": "6", "object_repr": "claudia@test.com", "action_flag": 2, "change_message": "[{\"added\": {\"name\": \"friend relationship\", \"object\": \"claudia@test.com -> bonnie@test.com [accepted]\"}}]"}}]